time,open,high,low,close,volume,sma_20,sma_50,sma_200,rsi_14,macd,macd_signal,macd_hist,bb_upper,bb_lower,daily_return,volatility_20d,symbol
2025-02-11,24.55,25.0,24.2,24.2,443700,24.2,24.2,24.2,,0.0,0.0,0.0,,,,,DCL
2025-02-12,24.2,24.2,23.5,24.0,380200,24.1,24.1,24.1,,-0.015954415954418266,-0.0031908831908836533,-0.012763532763534613,,,-0.8264462809917328,,DCL
2025-02-13,24.0,24.25,23.15,24.25,401900,24.150000000000002,24.150000000000002,24.150000000000002,,-0.0083294778451517,-0.004218602121737263,-0.004110875723414438,,,1.041666666666674,,DCL
2025-02-14,23.3,25.5,23.3,25.5,713700,24.4875,24.4875,24.4875,,0.09745449905350867,0.016116018113311925,0.08133848094019674,,,5.154639175257736,,DCL
2025-02-17,25.5,25.5,24.25,25.1,417300,24.61,24.61,24.61,,0.1473142587427283,0.042355666239195205,0.1049585925035331,,,-1.5686274509803866,,DCL
2025-02-18,24.85,25.0,23.95,25.0,725300,24.675,24.675,24.675,,0.1767221700805237,0.06922896700746091,0.1074932030730628,,,-0.3984063745020028,,DCL
2025-02-19,24.8,25.0,24.0,24.75,530700,24.685714285714287,24.685714285714287,24.685714285714287,,0.177805608649102,0.09094429533578913,0.08686131331331287,,,-1.0000000000000009,,DCL
2025-02-20,24.55,24.55,23.9,24.3,529800,24.6375,24.6375,24.6375,,0.14073074589058976,0.10090158544674926,0.039829160443840494,,,-1.8181818181818188,,DCL
2025-02-21,24.25,24.3,23.6,23.95,527900,24.561111111111114,24.561111111111114,24.561111111111114,,0.08215949163944103,0.09715316668528762,-0.014993675045846588,,,-1.440329218107006,,DCL
2025-02-24,23.9,24.0,23.7,23.95,118700,24.5,24.5,24.5,,0.03533404182284983,0.08478934171280006,-0.04945529988995023,,,0.0,,DCL
2025-02-25,23.9,24.0,23.8,23.8,140700,24.436363636363637,24.436363636363637,24.436363636363637,,-0.013721043267899802,0.06508726471666008,-0.07880830798455989,,,-0.6263048016701411,,DCL
2025-02-26,23.8,24.0,23.8,23.9,112300,24.391666666666666,24.391666666666666,24.391666666666666,,-0.04402094135019041,0.04326562350328998,-0.0872865648534804,,,0.42016806722688926,,DCL
2025-02-27,23.9,24.25,23.8,24.25,355100,24.38076923076923,24.38076923076923,24.38076923076923,,-0.03933828666993833,0.026744841468644323,-0.06608312813858265,,,1.4644351464435212,,DCL
2025-02-28,24.2,24.2,23.9,24.2,318000,24.36785714285714,24.36785714285714,24.36785714285714,48.39421660797522,-0.03920984455098875,0.01355390426471771,-0.05276374881570646,,,-0.20618556701030855,,DCL
2025-03-03,24.2,24.2,23.8,24.05,320600,24.346666666666668,24.346666666666668,24.346666666666668,45.23041812300719,-0.050628189391691336,0.0007174855334359,-0.05134567492512723,,,-0.619834710743794,,DCL
2025-03-04,24.0,24.0,23.8,23.95,425100,24.321875,24.321875,24.321875,43.20264612339566,-0.06697443461569819,-0.012820898496390917,-0.05415353611930727,,,-0.4158004158004269,,DCL
2025-03-05,23.95,24.0,23.8,23.9,442600,24.29705882352941,24.29705882352941,24.29705882352941,42.18430311508774,-0.0830066844679429,-0.026858055690701318,-0.05614862877724158,,,-0.20876826722338038,,DCL
2025-03-06,23.9,24.0,23.8,24.0,418400,24.280555555555555,24.280555555555555,24.280555555555555,44.97772762672193,-0.08664441088246377,-0.038815326729053815,-0.04782908415340996,,,0.4184100418409997,,DCL
2025-03-07,23.95,24.0,23.65,23.9,669300,24.260526315789473,24.260526315789473,24.260526315789473,42.75316747120518,-0.09648428871853554,-0.05034911912695016,-0.046135169591585375,,,-0.4166666666666763,,DCL
2025-03-10,23.9,24.0,23.7,24.0,853500,24.2475,24.2475,24.2475,45.64814817295332,-0.09511685068448372,-0.05930266543845687,-0.03581418524602685,25.18472715327828,23.310272846721716,0.4184100418409997,,DCL
2025-03-11,23.95,24.0,23.7,24.0,482400,24.2375,24.235714285714284,24.235714285714284,45.64814817295332,-0.09296154338504437,-0.06603444102777437,-0.02692710235727,25.181107300121248,23.293892699878754,0.0,1.4725314571375812,DCL
2025-03-12,23.9,23.95,23.7,23.85,416100,24.23,24.218181818181815,24.218181818181815,41.95701730217175,-0.10217933346799057,-0.07326341951581761,-0.028915913952172967,25.1838840269352,23.2761159730648,-0.6249999999999978,1.4674872673487003,DCL
2025-03-13,23.8,23.95,23.8,23.95,535000,24.215,24.206521739130434,24.206521739130434,45.141740756881894,-0.10025960394930067,-0.07866265640251423,-0.02159694754678644,25.17696071700077,23.25303928299923,0.41928721174002703,1.4502574445373824,DCL
2025-03-14,23.9,23.95,23.7,23.9,464200,24.134999999999998,24.193749999999998,24.193749999999998,43.84632292664329,-0.1016015867600153,-0.08325044247401445,-0.018351144286000848,24.891098016480882,23.378901983519114,-0.20876826722338038,0.7757566182134265,DCL
2025-03-17,23.9,24.8,23.65,24.7,1536500,24.115,24.214000000000002,24.214000000000002,62.425585030095675,-0.03767748113581959,-0.07413585020637548,0.036458369070555885,24.77919718061495,23.450802819385046,3.347280334728042,1.0790276958626497,DCL
2025-03-18,24.6,24.9,24.25,24.7,1000200,24.1,24.232692307692307,24.232692307692307,62.425585030095675,0.012834880605481658,-0.05674170404400405,0.06957658464948571,24.689379691754514,23.51062030824549,0.0,1.0764136932818047,DCL
2025-03-19,24.65,24.65,24.4,24.55,696100,24.089999999999996,24.244444444444444,24.244444444444444,58.23562715191261,0.04029801438450065,-0.03733376035830311,0.07763177474280375,24.6382988044373,23.54170119556269,-0.6072874493927016,1.061747891950296,DCL
2025-03-20,24.55,24.6,24.1,24.35,742700,24.092499999999998,24.248214285714287,24.248214285714287,53.11645711023458,0.04540106205314132,-0.020786795876014223,0.06618785792915555,24.64526815354989,23.539731846450106,-0.8146639511201648,0.9946479051820813,DCL
2025-03-21,24.2,24.25,24.0,24.15,423000,24.1025,24.2448275862069,24.2448275862069,48.52296656562139,0.032927369348481506,-0.010043962831115076,0.04297133217959658,24.65163808061266,23.55336191938734,-0.8213552361396426,0.9558577117728251,DCL
2025-03-24,24.15,24.4,23.95,24.4,1166500,24.125,24.25,24.25,53.890766560836056,0.042722312450546696,0.0005092922252172786,0.04221302022532942,24.684605123937274,23.565394876062726,1.0351966873705987,0.9809421242605372,DCL
2025-03-25,24.45,24.65,24.0,24.3,1149300,24.15,24.251612903225805,24.251612903225805,51.57412237390843,0.041932341234776516,0.008793902027129126,0.03313843920764739,24.692896714030645,23.60710328596935,-0.4098360655737654,0.9737015613664182,DCL
2025-03-26,24.3,24.35,23.5,24.05,634200,24.1575,24.2453125,24.2453125,46.22429285738044,0.020892536535981776,0.011213628928899658,0.009678907607082118,24.689897753959443,23.625102246040555,-1.0288065843621408,1.002759637543975,DCL
2025-03-27,24.0,24.05,23.45,23.9,636700,24.14,24.234848484848484,24.234848484848484,43.32067633981024,-0.007795544484846317,0.007411794246150463,-0.015207338730996781,24.682508792070408,23.597491207929593,-0.6237006237006293,0.9537124962097228,DCL
2025-03-28,23.8,24.2,23.5,24.05,1091600,24.1325,24.22941176470588,24.22941176470588,46.911965016252125,-0.01821731115946079,0.0022859731650282126,-0.020503284324489005,24.675663249667615,23.589336750332386,0.6276150627615218,0.9655236205559323,DCL
2025-03-31,24.05,24.6,23.95,24.15,1024400,24.1375,24.22714285714286,24.22714285714286,49.221878487965306,-0.01819770030726886,-0.0018107615294312021,-0.01638693877783766,24.679304975594498,23.5956950244055,0.4158004158004047,0.9597938955679214,DCL
2025-04-01,24.15,24.4,23.5,24.05,905300,24.142500000000002,24.22222222222222,24.22222222222222,47.01867732355004,-0.025952162456611916,-0.006639041714867346,-0.01931312074174457,24.678837482129353,23.60616251787065,-0.41407867494822614,0.9597523478160982,DCL
2025-04-02,24.05,24.15,23.5,23.9,805200,24.1425,24.21351351351351,24.21351351351351,43.84820660662167,-0.043697656591202616,-0.014050764690134401,-0.029646891901068215,24.67883748212935,23.606162517870647,-0.6237006237006293,0.9695102010453497,DCL
2025-04-03,23.3,23.5,22.25,22.25,332400,24.055,24.16184210526316,24.16184210526316,24.376548873312615,-0.18872677414290706,-0.04898596658068893,-0.13974080756221813,25.057575630432368,23.052424369567632,-6.903765690376562,1.8170216508669044,DCL
2025-04-04,20.7,23.0,20.7,22.9,869800,24.005000000000003,24.129487179487178,24.129487179487178,36.36495723144443,-0.24835099132280902,-0.08885897152911296,-0.15949201979369607,25.132129563373976,22.87787043662603,2.921348314606731,1.9594315367086224,DCL
2025-04-08,21.35,22.75,21.3,21.3,308500,23.869999999999997,24.05875,24.05875,25.60481544201876,-0.4198702384999713,-0.15506122492328464,-0.2648090135766866,25.52351300664915,22.216486993350845,-6.986899563318771,2.4704858654194517,DCL
2025-04-09,19.85,21.0,19.85,19.85,514500,23.6625,23.95609756097561,23.95609756097561,19.867478378468334,-0.6651360847099959,-0.2570761968806269,-0.408059887829369,26.102058847091232,21.22294115290877,-6.8075117370892,2.831165058659769,DCL
2025-04-10,21.0,21.2,21.0,21.2,94100,23.529999999999998,23.89047619047619,23.89047619047619,34.567906437183126,-0.7420237296356866,-0.3540657034316389,-0.38795802620404773,26.203338145859085,20.85666185414091,6.801007556675054,3.3154174034514794,DCL
2025-04-11,21.8,21.8,21.0,21.5,471200,23.4075,23.834883720930236,23.834883720930236,37.31975194122266,-0.7698756026727871,-0.43722768327986855,-0.33264791939291855,26.220678573110952,20.594321426889046,1.4150943396226356,3.3378906983301024,DCL
2025-04-14,21.55,21.7,21.0,21.0,362000,23.2625,23.770454545454548,23.770454545454548,34.700359114089764,-0.8228093994662693,-0.5143440265171487,-0.3084653729491206,26.261600742415627,20.26339925758437,-2.3255813953488413,3.3621649362525874,DCL
2025-04-15,21.4,21.4,20.95,21.4,518400,23.0975,23.717777777777776,23.717777777777776,38.42384023556124,-0.822996170179497,-0.5760744552496184,-0.24692171492987858,26.126565341339692,20.06843465866031,1.904761904761898,3.2879042360030124,DCL
2025-04-16,21.35,21.35,20.0,20.0,447500,22.8625,23.63695652173913,23.63695652173913,31.62645858225359,-0.9254445384570431,-0.6459484718911034,-0.2794960665659397,26.09080817677164,19.63419182322836,-6.542056074766345,3.5347053676082725,DCL
2025-04-17,19.5,20.15,19.0,20.1,238100,22.64,23.561702127659576,23.561702127659576,32.544401206576836,-0.9871867695752705,-0.7141961314279368,-0.2729906381473337,25.989721119578093,19.29027888042191,0.5000000000000115,3.5496459660558775,DCL
2025-04-18,20.1,21.5,19.9,20.8,516800,22.4625,23.504166666666666,23.504166666666666,38.74393822054757,-0.9684698649576369,-0.7650508781338768,-0.20341898682376003,25.806917973122903,19.118082026877094,3.482587064676612,3.684740307335835,DCL
2025-04-21,20.8,21.5,20.6,20.6,240400,22.285000000000004,23.444897959183674,23.444897959183674,37.678444583025495,-0.9587233457847617,-0.8037853716640538,-0.15493797412070787,25.62913862719459,18.94086137280542,-0.9615384615384581,3.6850781814008644,DCL
2025-04-22,20.75,22.0,20.35,20.4,444300,22.085,23.384,23.384,36.594644177262694,-0.9561159778198594,-0.8342514928952149,-0.12186448492464441,25.374552841152884,18.795447158847118,-0.9708737864077777,3.661839780789327,DCL
2025-04-23,21.5,21.8,21.4,21.8,966600,21.96,23.336,23.352941176470587,47.893425212113904,-0.8314963479006927,-0.8337004638963105,0.0022041159956177614,25.080829849153684,18.839170150846318,6.862745098039236,4.0463030458143425,DCL
2025-04-24,22.2,23.3,22.2,23.3,962000,21.9225,23.322,23.351923076923075,56.78006648621701,-0.6047260241987722,-0.7879055759568029,0.1831795517580307,24.95434414958431,18.89065585041569,6.8807339449541205,4.362273145512047,DCL
2025-04-25,23.3,24.3,22.9,23.5,1056200,21.9025,23.307,23.354716981132075,57.81317370986635,-0.4042110865497044,-0.7111666780753833,0.30695559152567886,24.884282405842125,18.920717594157875,0.8583690987124415,4.3649131320009005,DCL
2025-04-28,23.55,23.7,22.2,22.2,451700,21.81,23.241,23.333333333333332,49.5262263204609,-0.3462097982314951,-0.6381753021066056,0.29196550387511044,24.621180684713355,18.998819315286642,-5.53191489361703,4.5328661218326785,DCL
2025-04-29,22.2,23.75,22.0,23.75,1116500,21.79,23.214000000000002,23.34090909090909,57.371999706112874,-0.1731750589709975,-0.5451752534794839,0.3720001945084864,24.536021044884315,19.043978955115684,6.981981981981988,4.816454858988814,DCL
2025-05-05,25.35,25.4,23.75,25.0,829688,21.8375,23.214000000000002,23.370535714285715,62.44228240145557,0.06408207360028584,-0.42332378806353,0.48740586166381583,24.774357432519928,18.90064256748007,5.263157894736836,4.954409821645225,DCL
2025-05-06,25.5,25.5,24.1,25.3,634500,21.907500000000002,23.225,23.40438596491228,63.56244825076884,0.27316863531738633,-0.2840253033873468,0.5571939387047331,25.106393723247425,18.70860627675258,1.200000000000001,4.953085658438546,DCL
2025-05-07,25.0,25.05,24.25,25.0,505874,22.045,23.239,23.431896551724137,61.58439270647865,0.40993823626021353,-0.1452325954578347,0.5551708317180483,25.529537272006166,18.560462727993837,-1.1857707509881465,4.665885049649405,DCL
2025-05-08,25.0,26.3,24.1,26.3,645587,22.214999999999996,23.285999999999998,23.48050847457627,66.45587486502947,0.6161259494061859,0.007039113514969428,0.6090868358912165,26.174545428455154,18.25545457154484,5.200000000000005,4.750345977284545,DCL
2025-05-09,25.5,25.9,25.4,25.6,576300,22.43,23.319000000000003,23.515833333333333,61.90379318975484,0.7148071953250437,0.1485927298769843,0.5662144654480594,26.639438017247997,18.220561982752002,-2.6615969581749055,4.467100939029769,DCL
2025-05-12,25.45,25.6,25.3,25.4,256282,22.7075,23.351,23.54672131147541,60.626024057098924,0.7680211948873925,0.272478422879066,0.4955427720083265,26.932522578575618,18.48247742142438,-0.7812500000000111,4.099586204681869,DCL
2025-05-13,25.7,26.2,24.3,24.3,494600,22.8625,23.359,23.558870967741935,54.02139678995455,0.7132114088477834,0.3606250200728095,0.35258638877497395,27.08211272855074,18.64288727144926,-4.330708661417315,4.07177416263644,DCL
2025-05-14,24.3,25.0,23.9,23.9,328100,22.9825,23.351999999999997,23.564285714285713,51.81103441993086,0.6302326715364366,0.4145465503655349,0.2156861211709017,27.17538557841545,18.789614421584552,-1.6460905349794275,4.103380699016673,DCL
2025-05-15,23.9,24.2,23.8,24.15,336900,23.14,23.351,23.5734375,53.102584583272886,0.5779817215456475,0.44723358460155743,0.1307481369440901,27.255260431740943,19.024739568259058,1.0460251046025215,4.045283477148297,DCL
2025-05-16,24.15,24.3,23.95,24.15,223800,23.277499999999996,23.352999999999998,23.58230769230769,53.102584583272886,0.5304576812788397,0.4638784039370139,0.06657927734182584,27.33127991249492,19.22372008750507,0.0,4.0397887279640035,DCL
2025-05-19,24.15,25.8,24.0,25.2,1044500,23.5375,23.377999999999997,23.60681818181818,58.518112967065356,0.5709393285765927,0.48529058886492965,0.08564873971166304,27.367008007426982,19.70799199257302,4.347826086956519,3.7372510755164705,DCL
2025-05-20,25.2,25.9,25.2,25.6,709700,23.8125,23.412000000000003,23.636567164179105,60.39441906966368,0.6280581197235335,0.5138440950366505,0.11421402468688302,27.383859021879186,20.241140978120814,1.5873015873016039,3.7340154465998836,DCL
2025-05-21,25.6,26.3,25.5,25.85,468500,24.065,23.449,23.669117647058822,61.564569344356606,0.6855949718218675,0.548194270393694,0.1374007014281735,27.448722646342098,20.681277353657904,0.9765625,3.6981610151187976,DCL
2025-05-22,25.9,26.0,24.8,25.5,367400,24.31,23.480999999999998,23.695652173913043,58.9391317256518,0.6949404260661822,0.5775435015281917,0.11739692453799055,27.327074218859252,21.292925781140745,-1.3539651837524258,3.711010262314276,DCL
2025-05-23,25.5,27.0,25.2,27.0,842500,24.64,23.541,23.742857142857144,65.69181654672619,0.8140009337953025,0.6248349879816139,0.18916594581368862,27.276105580506748,22.003894419493253,5.882352941176472,3.8208948895454524,DCL
2025-05-26,26.95,27.0,26.4,26.9,549900,24.895,23.599,23.787323943661974,64.9252403297319,0.8900283864742953,0.6778736676801502,0.21215471879414505,27.355188268362667,22.434811731637332,-0.37037037037037646,3.621692521974599,DCL
2025-05-27,26.9,27.1,26.6,26.7,380400,25.064999999999998,23.656,23.827777777777776,63.3334284294506,0.923496864938187,0.7269983071317576,0.19649855780642933,27.53100038417204,22.598999615827957,-0.743494423791824,3.3761400374191597,DCL
2025-05-28,26.7,27.55,26.5,27.0,1036100,25.24,23.717,23.871232876712327,64.73029817678236,0.9631260504590351,0.7742238557972131,0.188902194661822,27.734963347478864,22.745036652521133,1.1235955056179803,3.377162931833176,DCL
2025-05-29,27.0,27.0,26.2,26.5,328800,25.455,23.768999999999995,23.906756756756756,60.58742591920311,0.9433127223006217,0.8080416290978948,0.1352710932027269,27.557104208944672,23.352895791055325,-1.851851851851849,3.106259002392288,DCL
2025-05-30,26.5,27.2,26.3,26.6,378400,25.5975,23.807000000000002,23.942666666666668,61.123342911866054,0.9250166649423122,0.8314366362667782,0.09358002867553394,27.59683541589772,23.598164584102282,0.37735849056603765,2.761399462863856,DCL
2025-06-02,26.6,27.0,26.4,26.55,333300,25.675,23.844,23.976973684210527,60.6790634020102,0.8961520426252108,0.8443797175384647,0.05177232508674601,27.69685428180219,23.653145718197813,-0.187969924812037,2.5372429760539945,DCL
2025-06-03,26.55,27.5,26.35,27.3,496100,25.775,23.899,24.02012987012987,64.81081613153015,0.9231538109793291,0.8601345362266377,0.06301927475269142,27.913248176231566,23.63675182376843,2.824858757062154,2.591944061407045,DCL
2025-06-04,29.2,29.2,27.45,27.9,1130200,25.919999999999998,23.97,24.069871794871794,67.73198947591449,0.9816520191088607,0.8844380328030823,0.09721398630577838,28.2238640310756,23.616135968924397,2.19780219780219,2.592547629508751,DCL
2025-06-05,27.85,27.85,27.1,27.35,251600,25.972500000000004,24.034000000000002,24.11139240506329,62.601825413159176,0.9724223870837498,0.9020349036592159,0.07038748342453394,28.359190066532292,23.585809933467715,-1.9713261648745428,2.409677018362609,DCL
2025-06-06,27.35,27.6,26.7,27.1,284100,26.047500000000003,24.088,24.14875,60.36374542859617,0.9341664373537171,0.9084612103981162,0.025705226955600846,28.478760232017375,23.61623976798263,-0.9140767824497242,2.3299287531020396,DCL
2025-06-09,27.0,27.0,26.4,26.8,137800,26.1175,24.138,24.181481481481484,57.69801981924594,0.869616431868895,0.900692254692272,-0.031075822823376953,28.550880797422145,23.684119202577854,-1.1070110701107083,2.3390842728727654,DCL
2025-06-10,26.7,26.9,26.5,26.6,241300,26.232499999999998,24.189,24.210975609756098,55.92490070581468,0.7931784910261506,0.8791895019590478,-0.0860110109328972,28.51706491308628,23.947935086913716,-0.7462686567164201,2.0901317473001035,DCL
2025-06-11,26.6,26.65,26.4,26.65,656800,26.369999999999997,24.244,24.240361445783133,56.28657408117573,0.7282407483029019,0.8489997512278187,-0.12075900292491681,28.377721935035,24.362278064964993,0.1879699248120259,2.031654853572872,DCL
2025-06-12,26.65,27.0,26.4,26.8,290100,26.502499999999998,24.299,24.270833333333332,57.415538710539316,0.6810303715447716,0.8154058752912093,-0.1343755037464377,28.222498470011452,24.782501529988544,0.5628517823639934,2.028507502435453,DCL
2025-06-13,26.2,27.1,25.5,26.7,1355200,26.630000000000003,24.35,24.29941176470588,56.37031470656008,0.6283039467736451,0.7779854895876965,-0.14968154281405144,27.946454568748415,25.31354543125159,-0.3731343283582156,2.035450166430517,DCL
2025-06-16,26.5,28.55,26.4,28.55,2886400,26.797499999999996,24.44,24.348837209302324,67.98269236545617,0.7274122584569689,0.7678708433615511,-0.04045858490458221,28.197678560041393,25.3973214399586,6.928838951310867,2.348496979543213,DCL
2025-06-17,30.3,30.5,28.4,30.1,3490000,27.0225,24.563999999999997,24.41494252873563,74.18272672272965,0.9204183458617692,0.7983803438615947,0.12203800200017445,28.956809342266258,25.088190657733744,5.429071803852903,2.57523449960725,DCL
2025-06-18,30.5,30.5,28.0,28.0,2262400,27.130000000000003,24.678999999999995,24.455681818181816,57.840430336628174,0.8936234759269368,0.8174289702746632,0.07619450565227359,29.0285867320054,25.231413267994604,-6.976744186046513,3.1117942689277363,DCL
2025-06-19,26.05,26.4,26.05,26.05,685500,27.1575,24.742000000000004,24.47359550561798,47.398616314394374,0.7068910453406474,0.7953213852878601,-0.08843033994721272,28.97068997756341,25.344310022436588,-6.964285714285712,3.5099845114494643,DCL
2025-06-20,24.25,26.5,24.25,26.0,2968600,27.107499999999998,24.836000000000002,24.490555555555556,47.163506584869815,0.5485463655896723,0.7459663813482226,-0.19742001575855028,28.99269857951625,25.222301420483745,-0.19193857965451588,3.2418255461755394,DCL
2025-06-23,25.9,25.9,24.5,25.45,341000,27.035000000000004,24.947999999999997,24.5010989010989,44.54598157596003,0.37436125905441386,0.6716453568894608,-0.29728409783504695,29.060131574672724,25.009868425327284,-2.115384615384619,3.2717447140057425,DCL
2025-06-24,25.0,25.9,24.55,24.8,849000,26.939999999999998,25.02,24.504347826086956,41.607065467233,0.18177336921563025,0.5736709593546947,-0.39189759013906444,29.196359433852777,24.68364056614722,-2.5540275049115824,3.3116347562411024,DCL
2025-06-25,24.8,25.2,24.2,24.7,1375300,26.825,25.083999999999996,24.506451612903223,41.15718652842669,0.020836721971956962,0.46310411187814715,-0.4422673899061902,29.2930058005561,24.3569941994439,-0.40322580645162365,3.2942528031674927,DCL
2025-06-26,24.5,24.8,23.4,24.0,1967822,26.7,25.143999999999995,24.501063829787235,38.055296417222195,-0.1613311551787504,0.33821705846676764,-0.49954821364551805,29.471850987108876,23.928149012891122,-2.8340080971659853,3.32433689068411,DCL
2025-06-27,23.95,24.0,22.35,22.35,2227100,26.4875,25.163,24.478421052631578,31.943914184899143,-0.433840675394503,0.1838055116945135,-0.6176461870890165,29.874918672552532,23.10008132744747,-6.874999999999998,3.6132955235779023,DCL
2025-06-30,22.5,23.15,22.5,23.0,637651,26.310000000000002,25.223000000000003,24.46302083333333,36.28482922018643,-0.590549380117448,0.028934533332121204,-0.6194839134495691,30.03849623984335,22.581503760156654,2.9082774049216997,3.7062201679296636,DCL
2025-07-01,23.0,23.3,22.8,23.15,492800,26.1025,25.283999999999995,24.449484536082473,37.27906508919154,-0.694631135896195,-0.11577860051354204,-0.5788525353826529,30.054245117499853,22.150754882500145,0.6521739130434634,3.6300873758004566,DCL
2025-07-02,23.15,23.3,23.0,23.15,264200,25.865,25.331,24.43622448979592,37.27906508919154,-0.7682606467097877,-0.24627500975279118,-0.5219856369569965,29.931176271841146,21.79882372815885,0.0,3.5686467674612214,DCL
2025-07-03,23.15,23.15,22.9,23.0,425900,25.647499999999997,25.379,24.421717171717173,36.61640375496676,-0.8291582902622032,-0.3628516658546736,-0.4663066244075296,29.84254406852203,21.452455931477964,-0.647948164146861,3.559366581401585,DCL
2025-07-04,23.15,23.2,22.9,23.0,274600,25.442500000000003,25.430999999999997,24.4075,36.61640375496676,-0.8674210219313352,-0.46376553707000595,-0.40365548486132924,29.738186330801103,21.146813669198902,0.0,3.563713500635512,DCL
2025-07-07,23.1,23.15,22.9,22.95,221300,25.25,25.454,24.39306930693069,36.36649802597501,-0.8915024097412676,-0.5493129116042583,-0.3421894981370093,29.633701872306446,20.866298127693554,-0.21739130434782483,3.564653414515536,DCL
2025-07-08,22.95,23.1,22.85,23.0,427300,25.07,25.448,24.379411764705882,36.830789444631534,-0.8962214183132495,-0.6186946129460565,-0.277526805367193,29.51550630589918,20.62449369410082,0.21786492374729072,3.570672755918202,DCL
2025-07-09,23.15,23.15,22.95,23.0,349400,24.8875,25.438000000000002,24.366019417475727,36.830789444631534,-0.8897052977549649,-0.6728967499078382,-0.21680854784712666,29.35950355427784,20.41549644572216,0.0,3.5685609195441144,DCL
2025-07-10,23.05,23.1,22.85,22.9,409700,24.692500000000003,25.451999999999998,24.351923076923075,36.21783710693436,-0.8824381913602437,-0.7148050381983193,-0.1676331531619244,29.15347404987792,20.231525950122084,-0.43478260869566077,3.55733612266572,DCL
2025-07-11,22.8,23.0,22.8,22.85,423200,24.5,25.434,24.337619047619047,35.896161318646364,-0.8706769177876268,-0.7459794141161809,-0.12469750367144594,28.928377390849782,20.071622609150218,-0.21834061135369565,3.558304691041392,DCL
2025-07-14,22.85,22.9,22.7,22.8,370700,24.2125,25.39,24.32311320754717,35.55607096753458,-0.8555286046718962,-0.767889252227324,-0.08763935244457222,28.264383902321836,20.16061609767816,-0.2188183807439903,3.0765226149238236,DCL
2025-07-15,23.0,23.65,22.75,23.25,544800,23.869999999999997,25.349,24.313084112149532,40.976097534322605,-0.7980132185593227,-0.7739140454937237,-0.024099173065599055,26.840096578263186,20.89990342173681,1.9736842105263053,2.7743994287764466,DCL
2025-07-16,23.45,23.5,23.15,23.2,268600,23.63,25.313000000000002,24.302777777777777,40.56783138658158,-0.747845742618594,-0.7687003849186979,0.02085464230010381,25.884445899947416,21.375554100052582,-0.21505376344086446,2.429753676803971,DCL
2025-07-17,23.3,23.35,23.15,23.2,416400,23.4875,25.251000000000005,24.292660550458717,40.56783138658158,-0.7000182814955913,-0.7549639642340766,0.054945682738485324,25.437634948097116,21.537365051902885,0.0,1.9718543285784589,DCL
2025-07-18,23.1,23.2,22.9,23.0,206300,23.3375,25.199,24.28090909090909,38.77557403682716,-0.6705236235616638,-0.7380758960995941,0.06755227253793028,24.89613469269212,21.77886530730788,-0.8620689655172376,1.970987607797638,DCL
2025-07-21,23.1,23.1,21.4,21.4,253000,23.134999999999998,25.119,24.254954954954957,28.085594584362028,-0.7674093061084548,-0.7439425781013662,-0.0234667280070886,24.58671405042828,21.683285949571715,-6.956521739130439,2.4151244529899256,DCL
2025-07-22,21.8,22.45,21.8,22.4,434600,23.015,25.081,24.238392857142856,39.34138122642035,-0.7547994071794903,-0.7461139439169912,-0.008685463262499193,24.27076565027932,21.759234349720682,4.672897196261672,2.671323786418382,DCL
2025-07-23,22.5,22.5,22.4,22.4,195500,22.9,25.051,24.22212389380531,39.34138122642034,-0.7363181540906467,-0.7441547859517222,0.007836631861075527,23.901577702795574,21.898422297204423,0.0,2.673398247314702,DCL
2025-07-24,22.4,23.15,22.4,23.05,344800,22.8525,25.029,24.21184210526316,45.74311405903778,-0.661595597920293,-0.7276429483454364,0.06604735042514343,23.714856013916105,21.990143986083893,2.9017857142857206,2.711881066206515,DCL
2025-07-25,23.1,23.2,22.95,23.0,270400,22.884999999999998,25.006000000000004,24.20130434782609,45.34666108992122,-0.5995013376965623,-0.7020146262156617,0.10251328851909935,23.71604246518923,22.053957534810767,-0.2169197396963196,2.206528412208176,DCL
2025-07-28,23.1,23.1,22.9,22.95,284200,22.8825,24.961,24.19051724137931,44.92732600332141,-0.5480086684307182,-0.671213434658673,0.12320476622795484,23.71238585137729,22.05261414862271,-0.21739130434782483,2.1107604826592525,DCL
2025-07-29,23.0,23.0,21.35,21.35,1101800,22.792499999999997,24.875999999999998,24.166239316239313,34.07000371329114,-0.6290556236391822,-0.6627818724547749,0.03372624881559272,23.857382004830097,21.727617995169897,-6.971677559912848,2.616608947281461,DCL
2025-07-30,21.6,22.25,21.6,22.0,993600,22.735,24.799,24.147881355932203,40.37413053131411,-0.6335333734618906,-0.6569321726561982,0.02339879919430754,23.841963604213387,21.628036395786612,3.0444964871194413,2.72558922412782,DCL
2025-07-31,22.2,22.2,21.6,21.85,552600,22.677500000000002,24.726,24.12857142857143,39.436982592396106,-0.6417876404345293,-0.6539032662118645,0.01211562577733516,23.844355874381847,21.510644125618157,-0.6818181818181723,2.7258807299786443,DCL
2025-08-01,22.05,22.15,21.85,21.85,200000,22.619999999999997,24.623,24.109583333333333,39.43698259239611,-0.6409408394537266,-0.651310780860237,0.010369941406510375,23.832392154726595,21.4076078452734,0.0,2.7258807299786443,DCL
2025-08-04,21.9,22.05,21.85,21.9,147000,22.567500000000003,24.522999999999996,24.091322314049588,39.975600646423096,-0.6289846182926588,-0.6468455483467214,0.01786093005406253,23.81027914369389,21.324720856306115,0.22883295194506825,2.7277287662144016,DCL
2025-08-05,22.15,22.2,21.9,21.9,269900,22.5125,24.427000000000003,24.073360655737705,39.975600646423096,-0.6124492926731051,-0.6399662972119982,0.027517004538893053,23.77193805346942,21.25306194653058,0.0,2.726416596737785,DCL
2025-08-06,21.95,22.1,21.9,21.9,650900,22.4575,24.325,24.055691056910568,39.975600646423096,-0.5925147863595157,-0.6304759950415018,0.03796120868198605,23.72335731298699,21.191642687013008,0.0,2.726416596737785,DCL
2025-08-07,22.3,22.3,21.9,21.95,493300,22.410000000000004,24.234,24.038709677419355,40.635014126088954,-0.5661556741610063,-0.6176119308654027,0.05145625670439635,23.677239021196343,21.142760978803665,0.22831050228311334,2.7275526833902135,DCL
2025-08-08,22.1,22.55,21.95,22.15,235000,22.375,24.145,24.0236,43.31741876578542,-0.5230976156104816,-0.5987090678144185,0.07561145220393684,23.629675466531626,21.120324533468374,0.9111617312072884,2.7382897181016617,DCL
2025-08-11,22.2,22.5,22.05,22.4,164300,22.354999999999997,24.061999999999998,24.010714285714286,46.56749927710878,-0.4634584231209189,-0.5716589388757186,0.10820051575479972,23.593802477777604,21.11619752222239,1.1286681715575675,2.7522448829737356,DCL
2025-08-12,22.5,22.7,22.2,22.4,505900,22.3125,23.964000000000002,23.998031496062993,46.56749927710878,-0.41145098258783364,-0.5396173476181416,0.12816636503030798,23.478182542321992,21.146817457678008,0.0,2.710878446739424,DCL
2025-08-13,22.7,22.7,22.25,22.4,498700,22.2725,23.854,23.985546875,46.56749927710878,-0.36601551228313056,-0.5048969805511394,0.13888146826800885,23.36239376594842,21.182606234051583,0.0,2.7110344370150994,DCL
2025-08-14,22.55,22.55,20.95,20.95,1153000,22.16,23.726,23.962015503875968,32.90148112856821,-0.44191632030898376,-0.4923008485027083,0.05038452819372452,23.309645254209723,21.010354745790277,-6.473214285714279,3.0577394425833817,DCL
2025-08-15,22.3,22.3,21.8,22.0,396200,22.11,23.623999999999995,23.946923076923078,45.39763842701142,-0.4125859981604769,-0.476357878434262,0.06377188027378511,23.190740486888796,21.029259513111203,5.011933174224348,3.2906415425689226,DCL
2025-08-18,22.0,22.3,21.6,22.0,325300,22.139999999999997,23.528,23.93206106870229,45.39763842701142,-0.3849045662987045,-0.4580672160071505,0.07316264970844599,23.16986969027542,21.110130309724575,0.0,2.87716181494109,DCL
2025-08-19,22.3,22.3,22.0,22.1,123200,22.125,23.438000000000002,23.918181818181818,46.49819420431913,-0.35085324998195233,-0.4366244228021109,0.08577117282015856,23.14763848631119,21.10236151368881,0.454545454545463,2.6780666071639243,DCL
2025-08-20,22.0,22.1,21.6,21.8,807700,22.095000000000002,23.340999999999998,23.902255639097746,43.65540540794051,-0.34410816454880333,-0.4181211711514494,0.07401300660264609,23.11887293619586,21.071127063804145,-1.3574660633484226,2.6943502558122177,DCL
2025-08-21,21.9,22.75,21.7,21.8,331000,22.032500000000002,23.241,23.886567164179105,43.65540540794051,-0.334902092889795,-0.40147735549911856,0.06657526260932356,22.958882324165877,21.106117675834128,0.0,2.600674682806163,DCL
2025-08-22,22.2,22.2,21.5,21.65,481000,21.965,23.14,23.869999999999997,42.16069971307635,-0.33583862258271324,-0.3883496089158375,0.05251098633312423,22.785205365811475,21.144794634188525,-0.6880733944954254,2.602535171112254,DCL
2025-08-25,22.2,22.2,20.85,20.85,1069000,21.860000000000003,22.986,23.84779411764706,35.232178214015406,-0.39656281396510806,-0.38999224992569165,-0.0065705640394164155,22.68691563879571,21.033084361204295,-3.6951501154734334,2.712748744962072,DCL
2025-08-26,20.9,21.45,20.9,21.15,227400,21.85,22.807000000000002,23.82810218978102,39.263073544514164,-0.41568788910556265,-0.39513137776166585,-0.0205565113438968,22.70716791943351,20.992832080566494,1.4388489208633004,2.2618288429088786,DCL
2025-08-27,21.1,21.4,21.05,21.1,165600,21.805,22.669,23.808333333333334,38.82932749592988,-0.4299233424024358,-0.4020897706898199,-0.027833571712615912,22.721457711431803,20.888542288568196,-0.23640661938533203,2.1435699406737565,DCL
2025-08-28,21.9,21.9,20.9,21.3,49500,21.777499999999996,22.573999999999998,23.79028776978417,41.608072677891045,-0.4202226480634934,-0.40571634616455465,-0.014506301898938756,22.720884165762413,20.83411583423758,0.9478672985781866,2.15469593627855,DCL
2025-08-29,21.8,21.8,21.0,21.0,79700,21.735,22.473999999999997,23.770357142857144,38.76357713690549,-0.43176515081145794,-0.4109261070939353,-0.020839043717522654,22.739254109172677,20.730745890827322,-1.4084507042253502,2.174013133754981,DCL
2025-09-03,21.8,21.8,21.0,21.2,46700,21.7,22.389,23.75212765957447,41.62855661063133,-0.41993360566172555,-0.4127276068074934,-0.007205998854232176,22.728540099773873,20.671459900226125,0.952380952380949,2.1870754496343934,DCL
2025-09-04,21.3,22.65,21.2,22.6,253000,21.735,22.345,23.744014084507043,56.84791151139704,-0.2941973967192091,-0.3890215647898365,0.09482416807062743,22.837198759418598,20.6328012405814,6.60377358490567,2.6571769383603656,DCL
2025-09-05,22.5,24.15,22.1,24.0,1761000,21.84,22.331000000000003,23.745804195804197,66.30820559601352,-0.08065253334009626,-0.32734775849988845,0.2466952251597922,23.33757699037678,20.34242300962322,6.194690265486713,2.975700628432232,DCL
2025-09-08,24.0,24.15,23.5,24.0,485600,21.9425,22.331000000000003,23.747569444444444,66.30820559601352,0.08757381299214373,-0.244363444201482,0.33193725719362577,23.725246255227308,20.15975374477269,0.0,2.9772379929843282,DCL
2025-09-09,24.0,25.0,23.6,24.8,325300,22.075,22.38,23.754827586206897,70.58228917187613,0.28219475313287745,-0.13905180473461012,0.42124655786748755,24.269130927341493,19.880869072658506,3.3333333333333437,3.0438238049470354,DCL
2025-09-10,24.8,25.05,24.1,24.8,535500,22.195,22.416,23.761986301369863,70.58228917187611,0.4314596520678329,-0.024949513374121518,0.4564091654419544,24.70391043661347,19.68608956338653,0.0,3.0441714295633817,DCL
2025-09-11,25.0,25.15,23.6,25.0,442000,22.325,22.453000000000003,23.770408163265305,71.62592726220323,0.5594425825488649,0.09192890581047578,0.4675136767383892,25.13053963286558,19.519460367134418,0.8064516129032251,3.0417881143287966,DCL
2025-09-12,25.0,25.6,25.0,25.6,127500,22.485,22.502,23.78277027027027,74.54364456656255,0.7012019430961267,0.21378351326760597,0.48741842982852074,25.65045498517329,19.31954501482671,2.400000000000002,3.0643674413582,DCL
2025-09-15,25.6,27.1,25.6,26.9,901800,22.782500000000002,22.58,23.803691275167786,79.46964803679846,0.9079797675351884,0.3526227641211225,0.5553570034140659,26.423245296747627,19.141754703252378,5.078124999999978,2.7060227703330524,DCL
2025-09-16,26.85,26.95,26.5,26.9,786900,23.0275,22.658,23.824333333333335,79.46964803679846,1.0596378377648215,0.4940257788498623,0.5656120589149591,27.082448244202176,18.972551755797824,0.0,2.572140312609277,DCL
2025-09-17,26.9,28.3,26.9,28.0,873000,23.3275,22.759,23.851986754966887,82.7461041748386,1.2541319060328888,0.6460470042864677,0.6080849017464212,27.915180872671293,18.73981912732871,4.089219330855021,2.6464699092645487,DCL
2025-09-18,28.05,28.2,26.2,28.0,863300,23.6225,22.859,23.879276315789475,82.7461041748386,1.3922211970573528,0.7952818428406447,0.5969393542167081,28.61844309099106,18.626556909008936,0.0,2.655557775546446,DCL
2025-09-19,27.9,28.9,27.2,28.8,1549400,23.9725,22.975,23.91143790849673,84.79309320933699,1.5483627077225854,0.9458980158170329,0.6024646919055525,29.393557869185017,18.551442130814983,2.857142857142869,2.6067885794822256,DCL
2025-09-22,29.0,29.0,28.0,29.0,790900,24.3325,23.097,23.944480519480518,85.26378748079888,1.6690050570161716,1.0905194240568608,0.5784856329593109,30.091819678390394,18.573180321609605,0.694444444444442,2.5912656417499287,DCL
2025-09-23,28.9,28.9,28.1,28.5,575000,24.675,23.21,23.973870967741934,78.70497929720268,1.7046193756135324,1.2133394143681953,0.4912799612453371,30.575624409420804,18.774375590579197,-1.7241379310344862,2.646415298755509,DCL
2025-09-24,28.5,29.0,28.1,28.9,701500,25.077499999999997,23.331999999999997,24.005448717948717,80.02854265926328,1.7450053018580292,1.319672591866162,0.4253327099918671,30.97776538207793,19.177234617922064,1.403508771929829,2.3579324499386525,DCL
2025-09-25,28.8,28.95,28.5,28.9,555100,25.465,23.445,24.036624203821656,80.02854265926328,1.7567605967577578,1.4070901928444812,0.34967040391327653,31.296773224960674,19.633226775039326,0.0,2.3871745970087845,DCL
2025-09-26,28.8,28.8,28.0,28.5,676500,25.834999999999997,23.551,24.064873417721518,74.64767486483132,1.714041689949763,1.4684804922655377,0.24556119768422535,31.435103382504334,20.23489661749566,-1.384083044982698,2.446684416976058,DCL
2025-09-29,28.5,28.8,28.3,28.55,345500,26.1975,23.657999999999998,24.09308176100629,74.87508338851865,1.66502782632584,1.5077899590775983,0.15723786724824174,31.491834111501664,20.90316588849834,0.17543859649122862,2.4626047579888573,DCL
2025-09-30,28.55,28.9,28.3,28.65,666800,26.580000000000002,23.771,24.1215625,75.35129257795457,1.6156291830156313,1.529357803865205,0.08627137915042637,31.375107155380206,21.784892844619797,0.3502626970227629,2.3832700261259037,DCL
2025-10-01,28.5,28.6,28.3,28.5,511800,26.945,23.913,24.148757763975155,73.11276577758044,1.5465490016983452,1.532796043431833,0.013752958266512127,31.081983391185748,22.808016608814253,-0.5235602094240788,2.4265603986132094,DCL
2025-10-02,28.5,28.5,27.8,27.8,587000,27.204999999999995,24.021,24.171296296296298,63.614978456613485,1.4189614066298262,1.5100291160714319,-0.0910677094416057,30.81185020773692,23.59814979226307,-2.4561403508771895,2.267567960102814,DCL
2025-10-03,27.8,28.0,27.4,28.0,858000,27.404999999999994,24.133000000000003,24.19478527607362,65.01342941519222,1.3187835312156935,1.4717799991002842,-0.15299646788459076,30.693080547098827,24.11691945290116,0.7194244604316502,1.919420055611749,DCL
2025-10-06,28.0,29.95,27.7,29.95,2170000,27.702499999999997,24.271,24.22987804878049,75.07307385184157,1.3808232751936167,1.4535886543189507,-0.07276537912533398,30.762165444387353,24.64283455561264,6.964285714285712,2.3514654182073915,DCL
2025-10-07,30.0,31.0,29.4,30.2,1387400,27.972500000000004,24.415,24.266060606060606,76.02484547368896,1.4336370543763906,1.4495983343304388,-0.01596127995404828,30.90408390815023,25.040916091849777,0.8347245409014992,2.294440230249823,DCL
2025-10-08,31.0,31.5,29.6,30.4,1409200,28.252500000000005,24.564,24.303012048192773,76.78840632683178,1.4746320431449327,1.4546050760933378,0.0200269670515949,30.970176058306752,25.534823941693258,0.6622516556291425,2.2837864137670834,DCL
2025-10-09,30.4,30.4,29.4,29.8,695000,28.4925,24.732999999999997,24.335928143712575,69.62449448880761,1.4420824526570968,1.4521005514060898,-0.010018098748993065,30.820651514331296,26.164348485668704,-1.9736842105263053,2.381730737004392,DCL
2025-10-10,29.8,29.8,29.2,29.5,797300,28.6875,24.882999999999996,24.366666666666667,66.29418421773211,1.3762150247517297,1.436923446075218,-0.060708421323488304,30.614284886799467,26.760715113200533,-1.0067114093959773,2.391238578589263,DCL
2025-10-13,29.4,29.7,29.0,29.7,600100,28.827500000000004,25.04,24.398224852071007,67.41325373285532,1.324880543917022,1.4145148656435789,-0.08963432172655694,30.60882859937356,27.04617140062645,0.6779661016949046,2.162375530966545,DCL
2025-10-14,30.0,31.0,29.4,29.8,1485600,28.972499999999997,25.198999999999998,24.430000000000003,67.98559148363127,1.2775400755260975,1.3871199076200826,-0.10957983209398514,30.554129739091195,27.390870260908798,0.33670033670034627,2.1594389641910876,DCL
2025-10-15,30.2,30.5,29.2,29.8,769000,29.0625,25.357000000000003,24.461403508771927,67.98559148363127,1.2258911037038551,1.3548741468368373,-0.12898304313298214,30.615722456700492,27.509277543299508,0.0,1.9923117359970814,DCL
2025-10-16,30.0,30.0,29.3,29.6,819800,29.142499999999995,25.511,24.49127906976744,65.32434076658234,1.1555007000972104,1.314999457488912,-0.1594987573917015,30.62867311451744,27.65632688548255,-0.6711409395973145,2.003788548480489,DCL
2025-10-17,29.9,30.0,29.2,29.5,667300,29.1775,25.663,24.520231213872833,63.97587528040796,1.0792062163587062,1.267840809262871,-0.18863459290416484,30.66268118689048,27.692318813109516,-0.33783783783783994,1.914287528160261,DCL
2025-10-20,29.4,29.5,27.45,27.45,780400,29.1,25.773000000000003,24.53706896551724,43.947759821372095,0.8435999260637672,1.1829926326230502,-0.339392706559283,30.773949002555515,27.426050997444488,-6.949152542372882,2.4773535432158353,DCL
2025-10-21,26.0,29.35,26.0,29.0,1671200,29.125,25.91,24.562571428571427,55.33364675397587,0.7730411524587417,1.1010023365901886,-0.3279611841314469,30.77599650928853,27.47400349071147,5.64663023679417,2.7759945346833064,DCL
2025-10-22,29.45,31.0,28.8,31.0,1230900,29.23,26.082000000000004,24.599147727272726,65.16604851643785,0.8684946357886041,1.0545007964298718,-0.18600616064126774,31.0763049870652,27.3836950129348,6.896551724137923,3.155150446358345,DCL
2025-10-23,32.0,32.0,30.3,31.1,1065800,29.340000000000003,26.256,24.63587570621469,65.57410385278988,0.9413599616363513,1.0318726294711678,-0.09051266783481648,31.357711053331347,27.32228894666866,0.3225806451612856,3.1538325181301166,DCL
2025-10-24,31.8,31.8,29.5,31.0,1254800,29.465000000000003,26.427999999999997,24.671629213483147,64.75716633961642,0.9797432230653662,1.0214467481900074,-0.04170352512464115,31.57140626860529,27.358593731394716,-0.3215434083601365,3.13081059491183,DCL
2025-10-27,31.0,31.45,30.05,31.0,834800,29.5875,26.629,24.706983240223465,64.75716633961642,0.9986504139506032,1.0168874813421267,-0.01823706739152353,31.753960853922244,27.421039146077753,0.0,3.1319171047249,DCL
2025-10-28,30.0,31.2,29.4,31.0,789100,29.705000000000002,26.809,24.741944444444446,64.75716633961642,1.002083108644726,1.0139266068026467,-0.01184349815792074,31.911903045589025,27.49809695441098,0.0,3.133533563678309,DCL
2025-10-29,31.5,31.5,30.25,30.95,666300,29.827499999999997,26.988000000000003,24.776243093922652,64.25724390881786,0.9893641872951697,1.0090141229011513,-0.019649935605981605,32.02474109306446,27.63025890693553,-0.1612903225806428,3.128707365950818,DCL
2025-10-30,29.9,30.9,29.9,30.8,303700,29.977500000000003,27.162,24.80934065934066,62.69357865533894,0.9561586029068252,0.9984430189022862,-0.042284415995460956,31.99413476848738,27.960865231512624,-0.4846526655896577,3.0623758594240456,DCL
2025-10-31,30.5,32.95,30.3,32.95,2763800,30.225,27.385,24.853825136612024,72.88036872654885,1.0907564088372474,1.0169056968892785,0.073850711947969,32.42631539623076,28.023684603769237,6.980519480519498,3.3830107417456188,DCL
2025-11-03,34.0,35.25,33.0,35.1,2706100,30.482499999999998,27.651,24.90951086956522,79.04301511775962,1.355290229337296,1.0845826033788821,0.2707076259584138,33.57345028821378,27.39154971178622,6.525037936267064,3.34255395668221,DCL
2025-11-04,35.5,35.5,32.65,35.15,1830700,30.729999999999997,27.921,24.964864864864865,79.16160943246344,1.5510897726995907,1.177884037243024,0.37320573545656677,34.453665426770314,27.00633457322968,0.14245014245013454,3.346290229044542,DCL
2025-11-05,36.0,36.0,32.95,34.5,901900,30.934999999999995,28.194000000000003,25.016129032258064,73.35041159847091,1.6349658847617832,1.2693004067467757,0.3656654780150075,35.01642132105939,26.8535786789406,-1.849217638691314,3.3990014668843886,DCL
2025-11-06,34.0,34.25,33.0,34.25,812500,31.1575,28.456,25.065508021390375,71.18591720167989,1.6621056775767613,1.347861460912773,0.3142442166639883,35.45771725277349,26.85728274722651,-0.7246376811594235,3.3587461283649467,DCL
2025-11-07,34.2,34.85,33.4,34.5,834200,31.4075,28.724,25.1156914893617,72.0733934930023,1.6843706927158308,1.4151633072733847,0.26920738544244616,35.87990368670363,26.935096313296373,0.7299270072992803,3.333261745732207,DCL
2025-11-10,35.5,35.5,33.9,34.7,598200,31.6575,28.992000000000004,25.166402116402114,72.7952831840713,1.6985741012411317,1.471845466066934,0.22672863517419772,36.28434102760564,27.030658972394352,0.5797101449275477,3.3335823360548726,DCL
2025-11-11,34.7,34.8,34.0,34.8,638600,31.9075,29.268,25.217105263157894,73.1687468184119,1.6983223660260052,1.5171408460587483,0.18118151996725684,36.65061412248802,27.164385877511975,0.28818443804032867,3.333980145995345,DCL
2025-11-12,35.2,37.2,34.3,37.05,2613700,32.269999999999996,29.585,25.279057591623037,79.86605390404884,1.8582582160309542,1.5853643200531897,0.2728938959777645,37.42521197685542,27.11478802314457,6.465517241379315,3.5553164209093,DCL
2025-11-13,37.05,37.35,36.0,37.0,1064200,32.64,29.872999999999998,25.340104166666666,79.39180416965338,1.9583987456242227,1.6599712051673963,0.2984275404568264,38.04454000184814,27.235459998151857,-0.13495276653170407,3.5428299263743086,DCL
2025-11-14,36.8,36.8,34.45,36.0,1093200,32.965,30.112999999999996,25.39533678756477,70.38924737238582,1.9347664113098446,1.7149302463958862,0.2198361649139584,38.35623069632995,27.57376930367005,-2.7027027027026973,3.6344580596666893,DCL
2025-11-17,36.5,36.5,33.8,34.5,757200,33.3175,30.322999999999997,25.442268041237114,59.49183244709948,1.7745443099374967,1.7268530591042084,0.04769125083328829,38.07512822378831,28.559871776211693,-4.1666666666666625,3.35408006157484,DCL
2025-11-18,34.0,34.3,33.55,34.0,535400,33.5675,30.506999999999998,25.486153846153847,56.359637494747574,1.5889054064698485,1.6992635285773365,-0.11035812210748808,37.8739547636747,29.2610452363253,-1.449275362318836,3.2322231796355627,DCL
2025-11-19,33.8,34.4,33.2,33.85,588900,33.71,30.688000000000002,25.528826530612243,55.41700922309122,1.413388825046816,1.6420885878712326,-0.2286997628244165,37.84389073774048,29.576109262259525,-0.4411764705882337,2.909738673558642,DCL
2025-11-20,33.8,33.9,33.25,33.85,526600,33.8475,30.865,25.571065989847718,55.41700922309122,1.25976883874619,1.5656246380462242,-0.30585579930003415,37.79458086671892,29.90041913328108,0.0,2.911550043417446,DCL
2025-11-21,33.8,34.6,33.25,33.7,461300,33.9825,31.027,25.61212121212121,54.36252221113306,1.113089147613259,1.4751175399596312,-0.3620283923463723,37.697374085844864,30.26762591415514,-0.4431314623338234,2.913402435957615,DCL
2025-11-24,33.5,34.35,33.2,34.1,515400,34.1375,31.171,25.654773869346734,56.72717208056126,1.0173932169807571,1.3835726753638566,-0.3661794583830995,37.57688106427023,30.698118935729777,1.1869436201780381,2.915676945392324,DCL
2025-11-25,33.9,34.2,33.2,33.9,365900,34.2825,31.311,25.695999999999998,55.18745728753453,0.9148691321036608,1.2898319667118174,-0.3749628346081566,37.39381635705558,31.171183642944417,-0.5865102639296293,2.9240882476559733,DCL
2025-11-26,33.9,36.25,33.9,36.25,1606600,34.5475,31.476,25.75625,66.64384458324547,1.0115825227885153,1.234182077927157,-0.2225995551386417,37.35134604277344,31.74365395722656,6.932153392330398,3.2529293640783146,DCL
2025-11-27,36.5,38.75,36.5,38.5,2132200,34.9325,31.686,25.82875,73.6023086122083,1.2553142958574028,1.2384085215132064,0.01690577434419649,37.68382025723869,32.1811797427613,6.206896551724128,3.4475595778646526,DCL
2025-11-28,38.5,38.6,36.0,38.6,839400,35.215,31.881999999999998,25.9005,73.86327866334723,1.439943869676533,1.2787155911458716,0.16122827853066135,38.254407837062544,32.17559216293746,0.25974025974027093,3.168339524224244,DCL
2025-12-01,38.6,38.6,36.7,38.6,1080800,35.39,32.074,25.965999999999998,73.86327866334723,1.5681870529288275,1.336609883502463,0.23157716942636464,38.78389544856447,31.99610455143553,0.0,2.8745544574263926,DCL
2025-12-02,37.3,40.0,37.3,38.9,1247600,35.5775,32.282,26.035,74.73239792248032,1.6747230278082128,1.4042325123636128,0.2704905154446,39.31274817747972,31.842251822520282,0.7772020725388629,2.873732605036081,DCL
2025-12-03,38.9,41.6,38.5,41.0,2058800,35.9025,32.524,26.115,79.79682773331064,1.9066275890065043,1.5047115276921912,0.4019160613143131,40.31307043691,31.491929563090004,5.398457583547556,3.0095066831745094,DCL
2025-12-04,40.8,42.5,39.9,41.5,1647700,36.265,32.775999999999996,26.19875,80.78437185112087,2.106477286936716,1.6250646795410963,0.48141260739561975,41.25710956357469,31.272890436425314,1.2195121951219523,2.985270673948645,DCL
2025-12-05,41.0,41.4,39.2,41.0,616400,36.59,33.025999999999996,26.282249999999998,76.74448855767386,2.1991632065465723,1.7398843849421917,0.4592788216043806,41.93234326667095,31.24765673332906,-1.2048192771084376,3.025760358870411,DCL
2025-12-08,41.0,41.0,39.5,40.4,440700,36.875,33.263000000000005,26.3645,72.08586608999488,2.1988554432033354,1.8316785965944207,0.3671768466089147,42.39791875541768,31.352081244582322,-1.4634146341463428,3.07161477423942,DCL
2025-12-09,40.4,41.0,39.5,40.6,424800,37.165000000000006,33.501999999999995,26.44775,72.6811661229281,2.1895105523423553,1.9032449877440076,0.2862655645983476,42.83626645096946,31.49373354903055,0.4950495049504955,3.0701233686205827,DCL
2025-12-10,40.7,40.7,39.2,40.1,686500,37.3175,33.734,26.529249999999998,68.73466473637711,2.1173513295613375,1.9460662561074737,0.1712850734538638,43.13781605218869,31.497183947811312,-1.2315270935960632,2.794946333019522,DCL
2025-12-11,40.1,40.15,39.3,40.15,361700,37.475,33.981,26.610500000000002,68.91642794374489,2.040675570065531,1.9649881188990852,0.07568745116644582,43.42810622147862,31.521893778521385,0.12468827930174342,2.7927736038757778,DCL
2025-12-12,40.3,40.3,39.0,40.05,469100,37.677499999999995,34.222,26.689500000000002,68.06416018989229,1.9493691992917235,1.961864334977613,-0.012495135685889558,43.694535027844914,31.660464972155076,-0.24906600249066102,2.6995319318371616,DCL
2025-12-15,40.05,40.5,39.55,40.05,397500,37.955,34.424,26.76875,68.06416018989229,1.8556178353032209,1.9406150350427347,-0.0849971997395138,43.86599777844984,32.04400222155016,0.0,2.465524110057499,DCL
2025-12-16,42.5,42.5,40.0,41.5,598300,38.33,34.65,26.855999999999998,73.56228488473496,1.8766887856221643,1.9278297851586208,-0.051140999536456455,44.135206374680266,32.52479362531973,3.6204744069912698,2.485171777103963,DCL
2025-12-17,40.5,41.0,39.9,40.5,454800,38.6625,34.852000000000004,26.93875,65.22257631124451,1.792038518372081,1.900671531801313,-0.10863301342923193,44.13980965462319,33.18519034537681,-2.409638554216864,2.583538957850078,DCL
2025-12-18,40.6,40.6,39.8,40.3,337600,38.985,35.062000000000005,27.02075,63.66793184171823,1.6893405765850105,1.8584053407580527,-0.16906476417304228,44.01010539297666,33.95989460702334,-0.4938271604938316,2.5952448222370883,DCL
2025-12-19,40.3,40.35,39.6,40.35,322200,39.3175,35.279,27.1025,63.89960185332366,1.5936160857081276,1.805447489748068,-0.21183140403994027,43.71046986223706,34.92453013776294,0.12406947890819531,2.582784133919582,DCL
2025-12-22,40.2,43.15,39.8,43.15,1213000,39.769999999999996,35.548,27.19875,73.92625221180553,1.7238192215087764,1.7891218361002097,-0.06530261459143327,43.7445771042831,35.79542289571689,6.939281288723653,2.911632568280383,DCL
2025-12-23,43.15,46.15,42.4,45.5,954300,40.35,35.862,27.30625,79.15829837857387,1.9936499493125979,1.8300274587426875,0.1636224905699104,44.09685833311293,36.603141666887076,5.446118192352256,3.024601066000448,DCL
2025-12-24,44.0,45.8,42.35,42.5,1098100,40.6625,36.116,27.39875,62.04255218778213,1.9430198933262801,1.852625945659406,0.09039394766687403,43.9884545523364,37.3365454476636,-6.593406593406592,3.2551861517418783,DCL
2025-12-25,41.5,43.0,41.0,42.8,754700,40.8775,36.38,27.493499999999997,62.90629468642945,1.9051414176295722,1.8631290400534395,0.04201237757613274,44.170630809171186,37.58436919082881,0.7058823529411784,3.0010616844318054,DCL
2025-12-26,42.2,42.45,40.9,42.45,428300,41.07,36.639,27.586,61.1577753579153,1.8258333079796785,1.8556698936386873,-0.02983658565900882,44.25076455555758,37.88923544444242,-0.8177570093457764,3.016617061879651,DCL
2025-12-29,41.5,42.9,41.4,41.4,526500,41.209999999999994,36.918,27.673500000000004,56.11828455070994,1.6591294236901035,1.8163617996489705,-0.15723237595886697,44.171969472815576,38.24803052718441,-2.473498233215554,3.08886938036083,DCL
2025-12-30,41.5,42.1,41.5,42.0,385300,41.364999999999995,37.178,27.76,58.236074695577926,1.5574767573812949,1.7645847911954355,-0.20710803381414067,44.13630028382969,38.5936997161703,1.449275362318847,3.0968836182022472,DCL
2025-12-31,42.1,43.85,41.7,43.0,1318700,41.464999999999996,37.418,27.8515,61.565392190343914,1.539857411898538,1.7196393153360563,-0.17978190343751832,44.323799895428486,38.606200104571506,2.3809523809523725,2.909912132543755,DCL
2026-01-05,42.7,43.5,42.3,42.9,748000,41.535,37.654,27.94325,61.04135423194177,1.5005276408006694,1.675816980428979,-0.17528933962830973,44.46507993424228,38.60492006575771,-0.23255813953488857,2.9033029744502437,DCL
2026-01-06,42.5,42.9,42.0,42.9,354500,41.629999999999995,37.891999999999996,28.035999999999998,61.04135423194176,1.4526136874812536,1.631176321839434,-0.17856263435818032,44.60982691125663,38.65017308874336,0.0,2.884934450845957,DCL
2026-01-07,42.5,43.3,42.3,42.9,597400,41.755,38.13,28.129749999999998,61.04135423194176,1.398520263228363,1.5846451101172199,-0.18612484688885678,44.72731081465987,38.78268918534013,0.0,2.857186048267728,DCL
2026-01-08,42.8,44.0,42.5,43.6,435300,41.904999999999994,38.382,28.225749999999998,63.739769272946575,1.3960422782640904,1.546924543746594,-0.1508822654825035,44.93413918638991,38.875860813610075,1.631701631701632,2.8717163804191954,DCL
2026-01-09,43.6,46.65,42.9,46.65,1752300,42.2325,38.696,28.3375,72.63391206698687,1.6214963666451894,1.5618389083263131,0.059657458318876255,45.80715861454251,38.657841385457495,6.995412844036686,3.1970929618796196,DCL
2026-01-12,46.0,48.5,45.8,46.8,820100,42.565,39.016,28.45125,72.9848713048846,1.791621406070334,1.6077954078751173,0.1838259981952166,46.53887521325506,38.591124786744935,0.3215434083601254,3.19518294024017,DCL
2026-01-13,47.8,47.8,45.8,46.9,435300,42.9075,39.295,28.56625,73.23134126544922,1.9124701246390785,1.6687303512279097,0.24373977341116881,47.140984939956525,38.67401506004347,0.21367521367521292,3.1887240024420076,DCL
2026-01-14,46.9,48.5,45.85,46.7,461000,43.239999999999995,39.527,28.679499999999997,71.82004782226076,1.9694032218124349,1.7288649253448147,0.24053829646762015,47.57196199623665,38.90803800376334,-0.4264392324093702,3.1960564410653056,DCL
2026-01-15,46.7,47.4,45.7,46.6,474500,43.495,39.756,28.79175,71.082420103153,1.9835883751897185,1.7798096153137957,0.20377875987592287,47.99294104943663,38.997058950563364,-0.21413276231263545,3.1335631001361284,DCL
2026-01-16,46.6,47.0,45.4,46.2,728500,43.779999999999994,39.99,28.9025,68.07082071561707,1.940188271708223,1.8118853465926812,0.12830292511554187,48.20057390891806,39.35942609108193,-0.8583690987124415,3.0730486308599927,DCL
2026-01-19,46.2,49.0,46.0,48.0,491900,44.165,40.265,29.023000000000003,73.50980025184568,2.0276646775650704,1.8550412127871592,0.17262346477791124,48.65019201020622,39.67980798979378,3.8961038961038863,3.1389926646742885,DCL
2026-01-20,49.0,49.1,48.0,49.0,749100,44.5975,40.555,29.156750000000002,75.9598710827932,2.1528651131786773,1.914605992865463,0.23825912031321428,49.20041383685056,39.994586163149435,2.083333333333326,3.143271127405834,DCL
2026-01-21,49.0,50.2,48.8,50.0,676000,44.94,40.861,29.29225,78.1374728120941,2.306194626970772,1.992923719686525,0.3132709072842468,50.077744743817874,39.80225525618212,2.0408163265306145,2.8335436459073042,DCL
2026-01-22,50.0,53.5,50.0,53.0,976400,45.315,41.225,29.45075,83.08703996774558,2.639359406984852,2.1222108571461904,0.5171485498386614,51.593124091260044,39.03687590873995,6.000000000000005,2.883835786282898,DCL
2026-01-23,53.0,54.0,52.5,53.8,488400,45.88,41.56,29.620500000000003,84.11952499589334,2.9341254379704083,2.284593773311034,0.6495316646593743,53.06048524969235,38.69951475030766,1.5094339622641506,2.299755355559555,DCL
2026-01-26,53.7,54.8,53.6,54.6,632200,46.470000000000006,41.912,29.7875,85.09915001028396,3.1954478219280986,2.466764583034447,0.7286832388936517,54.47653680307186,38.46346319692815,1.486988847583648,2.297370134048516,DCL
2026-01-27,54.6,55.1,54.0,55.0,511400,47.097500000000004,42.292,29.955,85.57818900248745,3.3956810535538864,2.652547877138335,0.7431331764155513,55.720875514446455,38.47412448555355,0.73260073260073,2.249611420007829,DCL
2026-01-28,54.6,54.6,51.2,53.9,618400,47.722500000000004,42.68,30.119500000000002,78.13869569787715,3.4261124338469813,2.8072607884800647,0.6188516453669166,56.418807443846006,39.026192556154,-2.0000000000000018,2.2096482338893706,DCL
2026-01-29,53.9,54.5,53.0,54.3,458600,48.3375,43.086000000000006,30.284000000000002,78.85842565524158,3.442819498933062,2.9343725305706645,0.5084469683623976,57.06946637889209,39.60553362110791,0.7421150278293043,2.2136390246817523,DCL
2026-01-30,54.3,55.0,53.7,54.8,471500,48.927499999999995,43.505,30.458,79.75563218543999,3.456560709482744,3.0388101663530804,0.41775054312966375,57.73524031597667,40.11975968402332,0.9208103130755152,2.2006787383089077,DCL
2026-02-02,54.8,55.5,53.5,55.0,503600,49.5325,43.928000000000004,30.6325,80.11907522664728,3.4438900259022063,3.119826138262906,0.3240638876393005,58.25888316588787,40.806116834112125,0.36496350364965124,2.1835942069666507,DCL
2026-02-03,55.0,57.5,54.8,56.8,519500,50.227500000000006,44.39,30.8125,83.06571008406638,3.5383059857647297,3.2035221077632707,0.3347838780014589,58.94381712425167,41.51118287574834,3.2727272727272716,2.2057675043547738,DCL
2026-02-04,57.4,57.4,56.5,57.4,395300,50.9525,44.856,30.9965,83.92118486396477,3.6198192764175303,3.286781541494123,0.3330377349234075,59.51333339523957,42.39166660476043,1.0563380281690238,2.1821013460133423,DCL
2026-02-05,58.0,58.0,57.1,57.8,275000,51.6625,45.333999999999996,31.1835,84.4839345323448,3.6743402958587126,3.364293292367041,0.31004700349167136,60.00849651897443,43.31650348102557,0.6968641114982521,2.1888738848790337,DCL
2026-02-06,57.7,57.9,57.1,57.6,341700,52.21,45.760999999999996,31.3625,82.92121319880289,3.6592289544424403,3.4232804247821216,0.23594852966031876,60.607969679442675,43.81203032055733,-0.34602076124566894,1.7872379812132357,DCL
2026-02-09,57.9,58.2,57.1,57.7,268000,52.754999999999995,46.145,31.534499999999998,83.0896414400197,3.6136661774987218,3.461357575325442,0.1523086021732798,61.08919714821167,44.42080285178832,0.17361111111111605,1.7908214078292999,DCL
2026-02-10,58.0,58.0,56.9,57.7,255300,53.295,46.527,31.705499999999997,83.0896414400197,3.5367874641952497,3.476443553099404,0.060343911095845915,61.42900270469566,45.16099729530434,0.0,1.796809214932901,DCL
2026-02-11,56.5,58.0,56.5,57.6,317400,53.839999999999996,46.907,31.8825,82.15005846247325,3.428272375832762,3.4668093176460757,-0.038536941813313685,61.56375692604499,46.116243073955005,-0.17331022530329143,1.7866761301930774,DCL
2026-02-12,57.6,57.7,57.1,57.4,316700,54.38000000000001,47.277,32.05075,80.19679886213481,3.2882303849409737,3.431093531105055,-0.14286314616408147,61.45541332249976,47.30458667750026,-0.3472222222222321,1.7919477084907878,DCL
2026-02-13,56.8,57.5,56.6,57.5,502200,54.94500000000001,47.607,32.213249999999995,80.44713137603681,3.1490153734452306,3.374677899573091,-0.2256625261278602,61.00139288164486,48.888607118355154,0.17421602787457413,1.7480254981023364,DCL
2026-02-23,58.0,58.0,57.4,57.6,491500,55.425,47.928999999999995,32.37475,80.70973740062684,3.0120347761372273,3.302149274885918,-0.2901144987486908,60.624949392465936,50.22505060753406,0.17391304347826875,1.6304475037905792,DCL
2026-02-24,57.9,57.9,57.0,57.6,505200,55.855000000000004,48.261,32.53775,80.70973740062684,2.8703886127063143,3.2157971424499974,-0.3454085297436831,60.163852576534985,51.54614742346502,0.0,1.619269670170061,DCL
2026-02-25,57.6,57.7,56.4,57.6,755300,56.235,48.605,32.69425,80.70973740062684,2.7267012924945675,3.1179779724589114,-0.3912766799643439,59.60875318100067,52.86124681899933,0.0,1.6027690315188643,DCL
2026-02-26,57.6,57.9,56.5,57.4,365500,56.455000000000005,48.941,32.85325,78.08990713429105,2.5670978217589138,3.0078019423189124,-0.44070412055999864,59.498180469248815,53.411819530751195,-0.3472222222222321,1.0279986248602833,DCL
